{"train_loss": [46.28802478301729, 10.264885208427215, 10.108359629779333, 9.964571868363311, 9.882671431471515, 9.188096098471465, 7.607878335032642, 7.156231437236545, 6.866814002133972, 6.590885402412482, 6.2839347046532845, 5.737128257938938, 5.343613754491429, 5.059361080020074, 4.825533562941989, 4.572033213378639, 4.272670642669247, 4.070687211283959, 3.9091588785541953, 3.688631742765, 3.5322955787498214, 3.357912655708151, 3.1948590550929783, 3.045175002697809, 2.897234490842465, 2.763172918460869, 2.615849283909971, 2.4928796207457222, 2.382530422325052, 2.2550087581572282, 2.1429209843093386, 2.048937656812872, 1.97169642500449, 1.9009302664956058, 1.838504836382134, 1.7839414107675329, 1.7240806979820915, 1.6677904711131475, 1.6167949003509625, 1.5836681218706885, 1.5404267152915987, 1.507692658915275, 1.4709256157463557, 1.439780110550789, 1.4158119929195365, 1.3768785691622176, 1.3536927789561004, 1.3339257606687633, 1.3075130373643755, 1.2948040956946565], "train_metric": [46.36048126220703, 10.345952033996582, 10.190613746643066, 10.046157836914062, 9.964646339416504, 9.271793365478516, 7.6902079582214355, 7.237530708312988, 6.951446533203125, 6.677468776702881, 6.369544982910156, 5.8191142082214355, 5.425894260406494, 5.14293098449707, 4.909327507019043, 4.6555047035217285, 4.355820178985596, 4.154095649719238, 3.9936013221740723, 3.771435022354126, 3.615666389465332, 3.4416513442993164, 3.2790563106536865, 3.1287174224853516, 2.9813008308410645, 2.845909595489502, 2.6987454891204834, 2.5756027698516846, 2.4660980701446533, 2.3388445377349854, 2.2261977195739746, 2.130298614501953, 2.055342197418213, 1.9831024408340454, 1.9211043119430542, 1.8659428358078003, 1.808249831199646, 1.7518385648727417, 1.6993041038513184, 1.6680375337600708, 1.6234210729599, 1.5913461446762085, 1.5542978048324585, 1.5234421491622925, 1.4981039762496948, 1.4597749710083008, 1.437072515487671, 1.4168564081192017, 1.390358567237854, 1.3777971267700195], "eval_loss": [9.726898967355922, 9.970427914710053, 9.582256365513455, 9.755113438131728, 9.781201999928449, 7.281698578605713, 7.936667416214751, 6.224048896304267, 6.744421829156062, 5.8639179988375805, 5.551332284862869, 5.6469144560096725, 4.56638517126369, 4.7670411053871, 4.527096718789683, 4.035733585004453, 4.041916115080485, 3.5187846842595345, 3.8690571593009717, 3.183476764990704, 3.3283644100702134, 3.513276772222657, 3.067680904638748, 2.7610684955753566, 2.4842521973470175, 2.5437428605729253, 2.3607969930974373, 2.1905493285153033, 2.274618407762377, 2.15271182221491, 2.1422533023376586, 1.9173475358029302, 1.982208436238017, 1.881429433438705, 1.668986117878206, 1.6957265149184086, 2.1881342343086208, 1.6498277394667915, 1.5360974288409075, 1.554320224625285, 1.507370203109563, 1.471064645215125, 1.437931598096654, 1.4000518751029232, 1.3827217121439088, 1.3665918109881514, 1.3176460123100526, 1.3951238479207295, 1.2584638202056024, 1.2406389383110255], "eval_metric": [9.888312339782715, 10.001235008239746, 9.600127220153809, 9.829391479492188, 9.841903686523438, 7.346516132354736, 8.039627075195312, 6.3107380867004395, 6.817424774169922, 5.948127269744873, 5.641038417816162, 5.733077526092529, 4.645468711853027, 4.8581929206848145, 4.605447292327881, 4.118563175201416, 4.130731582641602, 3.604048728942871, 3.949068307876587, 3.2671239376068115, 3.4105801582336426, 3.594151735305786, 3.1544570922851562, 2.8471896648406982, 2.563997983932495, 2.626307725906372, 2.4426844120025635, 2.2766804695129395, 2.3537044525146484, 2.234315872192383, 2.2248778343200684, 2.001495838165283, 2.0654101371765137, 1.9651663303375244, 1.7521791458129883, 1.7775079011917114, 2.273350477218628, 1.734285831451416, 1.6204285621643066, 1.6364703178405762, 1.5913121700286865, 1.5547457933425903, 1.5218907594680786, 1.4817464351654053, 1.4692882299423218, 1.4515830278396606, 1.3998562097549438, 1.4795297384262085, 1.3402920961380005, 1.3245024681091309]}