{"train_loss": [4.6397711830662205, 2.1268335141202006, 1.7252530321897728, 1.47028943719952, 1.257113781171251, 1.1045132744680202, 1.0093448462386907, 0.9220166423008159, 0.8423461262477224, 0.7593617606355184, 0.9034702165939495, 1.126583496948251, 0.94595423322636, 0.8424916049457848, 0.7779572854312483], "eval_loss": [2.227054790022293, 1.734089580135069, 1.4665549909051105, 1.2683927188364972, 1.0791159706991076, 1.0604731460700287, 0.896385129907089, 0.8312081322193914, 0.7561266938653353, 0.6884089107962622, 1.1787975773143307, 0.9593219476813472, 0.8041108085529431, 0.7363817462406681, 0.7709980432346055]}