{"train_loss": [0.22395418667537842, 0.1964866296379604, 0.1872983242952451, 0.18004033358188, 0.17269780790440245, 0.1645844235008607, 0.1550207450379551, 0.1442015387406395], "train_metric": [[0.8338001837368734, 0.7054180312471926], [0.8492352411718288, 0.7500238206076841], [0.854571958149218, 0.7640725344309869], [0.8594607150344877, 0.7756166815035023], [0.8644496573982607, 0.7867606423669244], [0.8704277839830598, 0.7992759896441609], [0.8768901544087352, 0.8140624617168805], [0.8850239696529403, 0.8307702359465221]], "eval_loss": [0.2082812746029929, 0.19691837805768717, 0.19138527595574537, 0.1918393874273976, 0.19128596086816896, 0.19233804890786968, 0.19266802394063767, 0.19884313155871466], "eval_metric": [[0.8202796118912552, 0.7507546870034953], [0.8316188514419021, 0.7605712923873076], [0.8404392764857881, 0.7677606791048164], [0.8585098397571881, 0.7463343774115938], [0.8338762612398277, 0.7756480094420991], [0.8477152849625826, 0.7578362612919334], [0.8370110671497615, 0.7694686549548323], [0.8319825607238761, 0.7753075491397703]]}