{"train_loss": [63.36922380769325, 0.9408357661120053, 0.6963111502038769, 0.5929616988554717, 0.5296916043375245, 0.4978150419578914, 0.47242156576847827, 0.45641485580133506, 0.43106320445889545, 0.4216815704871236, 0.4072792616150856], "train_metric": [63.4378776550293, 1.0241525173187256, 0.7790094017982483, 0.6745646595954895, 0.610102117061615, 0.5777143239974976, 0.5517776608467102, 0.5347946882247925, 0.5092459917068481, 0.49939098954200745, 0.48479852080345154], "eval_loss": [0.9620036694450654, 1.0474528323816985, 0.8976341767203597, 0.6930966149781637, 0.5285962346863248, 0.5545061167791462, 0.9862784152061659, 0.43645463032039084, 0.4572207681990668, 0.4407966594285243, 0.4399140977965077], "eval_metric": [1.0451607704162598, 1.1277872323989868, 0.9850966930389404, 0.7768145799636841, 0.6070350408554077, 0.6366708278656006, 1.0711791515350342, 0.5080136656761169, 0.532920777797699, 0.515830934047699, 0.517471194267273]}