{"train_loss": [0.22409552930379537, 0.1920319214296266, 0.18294893876845883, 0.17553528732064902, 0.16838391944224132, 0.16068090027714843, 0.1523609105867418, 0.1432924128824258, 0.13431689985490441], "train_metric": [[0.8436630063202184, 0.6965417922352986], [0.8547378447457387, 0.7560831026137332], [0.8597379412838494, 0.7709008817708376], [0.8645503361252964, 0.782932330417691], [0.8692593453210834, 0.7943546520966218], [0.8747044219146004, 0.8063820172107293], [0.8806969862308357, 0.8195241867644537], [0.8876247832063991, 0.833180200855364], [0.894521156911603, 0.8463455104279815]], "eval_loss": [0.1922188147590548, 0.18758546895738962, 0.18676362806952135, 0.18514556208574445, 0.18663991627773802, 0.19246711559149762, 0.19564212954658625, 0.20658586487389993, 0.21567382739073987], "eval_metric": [[0.8495769211104862, 0.754318171501203], [0.8637566569738948, 0.7500624177220936], [0.829591321147273, 0.7918993145399247], [0.8347348848368522, 0.7896806482364156], [0.8387862122668484, 0.7823664260747197], [0.8363943786221008, 0.7747060692723229], [0.8293808747362363, 0.7850674111398611], [0.812402955975577, 0.7897317172817649], [0.8037988256910512, 0.7869002224340642]]}