{"train_loss": [13.31005267857193, 0.6437544215515224, 0.4888677941820161, 0.4272816996806868, 0.39404536729503853, 0.3716626386347655, 0.3526022946855655, 0.33887672770848226, 0.3259001541154099, 0.3161586131501437, 0.30621473020752216, 0.2979701846978602, 0.289310380274546, 0.2828125947347108], "eval_loss": [0.8511763360957209, 0.544273209552642, 0.3993359592033853, 0.3866311796909369, 0.37763547235065037, 0.39839693913521207, 0.3506384368823922, 0.37868980197130964, 0.31668432013712067, 0.32089123281015863, 0.3433969707592674, 0.3180926161399786, 0.3184473168062895, 0.35474497948483763]}